account_id,upi_id,account_type,account_age_days,created_at
bdd640fb-0667-1ad1-1c80-317fa3b1799d,rodriguezfigueroaandsanchez41@upi,merchant,863,2024-03-21T00:00:00
1a3d1fa7-bc89-60a9-23b8-c1e9392456de,doyleltd21@upi,merchant,1416,2022-09-15T00:00:00
07a0ca6e-0822-e8f3-6c03-1199972a8469,mcclainmillerandhenderson37@upi,merchant,491,2025-03-28T00:00:00
06cb0fb3-9a1d-e644-815e-f6d13b8faa18,davisandsons35@upi,merchant,1449,2022-08-13T00:00:00
8b8148f6-b38a-088c-a65e-d389b74d0fb1,guzmanhoffmanandbaldwin38@upi,merchant,1159,2023-05-30T00:00:00
cf36d58b-4737-8190-96da-1dac72ff5d2a,gardnerrobinsonandlawrence30@upi,merchant,313,2025-09-22T00:00:00
47229389-571a-a876-6c30-7511b2b9437a,blakeandsons37@upi,merchant,618,2024-11-21T00:00:00
1a2a73ed-562b-0f79-c374-59eef50bea63,hendersonramirezandlewis58@upi,merchant,489,2025-03-30T00:00:00
580d7b71-d8f5-6413-5be6-128e18c26797,garciajames15@upi,merchant,841,2024-04-12T00:00:00
1ff49b78-8946-3e85-759c-de66bacfb3d0,abbottmunoz20@upi,merchant,1075,2023-08-22T00:00:00
a0ee89ae-d453-dd32-4b0d-bb418d5288f1,blairplc83@upi,merchant,1040,2023-09-26T00:00:00
0bbb2599-11ce-5dd2-b45e-d1f03139d32c,dudleygroup47@upi,merchant,766,2024-06-26T00:00:00
3b982ef8-daf6-1a26-146d-3f31fc377a4c,arnoldltd58@upi,merchant,506,2025-03-13T00:00:00
d58842de-a2bc-372f-7412-b29347294739,mcclurewardandlee30@upi,merchant,1047,2023-09-19T00:00:00
ab9099a4-35a2-40ae-5af3-05535ec42e08,williamsandsons99@upi,merchant,846,2024-04-07T00:00:00
12476f57-a5e5-a5ab-aefc-fad8efc89849,gallowaywyatt78@upi,merchant,650,2024-10-20T00:00:00
7656af72-29d4-beef-3eab-edcbbaa80dd4,jamesgroup44@upi,merchant,1077,2023-08-20T00:00:00
b02b61c4-a3d7-0628-ece6-6fa2fd5166e6,flowersmartinandkelly38@upi,merchant,1440,2022-08-22T00:00:00
c4b032cc-d7c5-24a5-5304-317faf42e12f,adamszunigaandwong39@upi,merchant,414,2025-06-13T00:00:00
50c187fc-ce17-7b4e-0837-b8a3d261a7ab,reidfergusonandsanchez44@upi,merchant,1121,2023-07-07T00:00:00
f16287e4-e9c3-49e0-3602-f8ac10f1bc81,graymayo50@upi,merchant,1461,2022-08-01T00:00:00
654821d0-7fcd-9eb1-a7ca-d415366eb16f,wattsrobinsonandnguyen28@upi,merchant,1239,2023-03-11T00:00:00
beb79919-3f22-faf8-23be-d01d43cf2fde,perezinc78@upi,merchant,1449,2022-08-13T00:00:00
6dadd6c7-95a7-6d79-bf3c-4c06434308bc,moralesjones61@upi,merchant,1495,2022-06-28T00:00:00
ff5e9ff0-ff50-bde4-3825-67b85cabcc97,walteredwardsandrios75@upi,merchant,583,2024-12-26T00:00:00
0c0fd195-c17a-f08a-1745-d6d87e570ddf,wilkersonday29@upi,merchant,524,2025-02-23T00:00:00
ae340454-cac5-b68c-28f4-9481a0a04dc4,bakerandsons86@upi,merchant,1164,2023-05-25T00:00:00
988c24c9-61b1-cd22-6280-1c4510435a10,hoffmanbakerandrichards77@upi,merchant,1258,2023-02-20T00:00:00
dc5c0eed-8da0-365b-f898-97b9405cacec,rossrobinsonandbright97@upi,merchant,323,2025-09-12T00:00:00
e2817efd-ae84-9217-1d53-434bb88139b9,snydercamposandcallahan44@upi,merchant,1399,2022-10-02T00:00:00
1c8eaee9-5715-bd6f-a416-1293c4c2e2e3,burtonltdpayroll65@upi,payroll,901,2024-02-12T00:00:00
f42d47cc-00d4-af59-7427-3ca3287d06ca,carlsoncruzpayroll74@upi,payroll,839,2024-04-14T00:00:00
e9a1fa6f-81f7-6d1c-2dbc-2134c30ff46e,ferrellriceandmaddoxpayroll90@upi,payroll,517,2025-03-02T00:00:00
81f631d4-a392-31a7-d777-a4774c66e0a8,frazierincpayroll29@upi,payroll,707,2024-08-24T00:00:00
8a14be62-295b-4715-c333-e8615fb8d16c,dyerpotterandmackpayroll10@upi,payroll,1386,2022-10-15T00:00:00
04fc6d82-7d15-4385-52fb-e43b99546eb4,rodriguezgrahampayroll56@upi,payroll,529,2025-02-18T00:00:00
ce88cb2d-d4e8-0839-fc3e-058be0f3eab0,smithbowenpayroll40@upi,payroll,929,2024-01-15T00:00:00
913e4de2-e0c5-3cb8-3da9-c2a90ed42f1a,bakermasonandwhitepayroll20@upi,payroll,461,2025-04-27T00:00:00
11b7e948-d0e6-e660-7c69-dee1bb5e4bcf,harrellllcpayroll26@upi,payroll,1390,2022-10-11T00:00:00
f264accc-79ac-1b1e-a8e5-6e0c20de435d,romerogonzalezandbrookspayroll31@upi,payroll,1425,2022-09-06T00:00:00
9b49bd26-df57-c59a-8715-a10343dac043,ryanplcpayroll37@upi,payroll,1166,2023-05-23T00:00:00
badcc32a-c159-0f53-8a0f-4efbedcd465e,georgegrouppayroll49@upi,payroll,711,2024-08-20T00:00:00
a65e688e-abf3-ad39-fec2-1bbe66245bfa,rodriguezllcpayroll66@upi,payroll,1064,2023-09-02T00:00:00
1efa2197-7394-988f-847f-d9b4e64d1bcb,allenallenpayroll38@upi,payroll,807,2024-05-16T00:00:00
969b6662-0562-8059-568c-c69b1064005c,arroyomillerandtuckerpayroll39@upi,payroll,1434,2022-08-28T00:00:00
122c9a56-01d7-4256-3860-2ab696a402f2,philipcannon90@upi,personal,725,2024-08-06T00:00:00
e7c99b26-1141-25c6-3a9b-edd40f1259e0,johnpierce52@upi,personal,33,2026-06-29T00:00:00
474a493b-3ced-df2d-839f-bc501223b513,shanehenderson72@upi,personal,686,2024-09-14T00:00:00
b92da22b-21df-306f-8a0b-3c3336d8393a,joshuablair83@upi,personal,958,2023-12-17T00:00:00
c8dcd19f-3e35-1128-7900-f7f993829b43,ericcarney62@upi,personal,485,2025-04-03T00:00:00
a8b317fa-18d0-752b-1825-bc5430beb45f,jessicaholmes55@upi,personal,442,2025-05-16T00:00:00
dd2467ac-778e-edb3-693d-ffbc6c6fa611,dannymorgan16@upi,personal,747,2024-07-15T00:00:00
a56c0941-fbf2-4050-a748-dbcfac619e63,crystalrobinson17@upi,personal,101,2026-04-22T00:00:00
ccf3a171-56dc-8907-ba6c-34ab6712303a,markperez23@upi,personal,883,2024-03-01T00:00:00
894a05e4-30b1-87ef-310c-0c003fa7f104,shannonjones27@upi,personal,460,2025-04-28T00:00:00
766ecb15-474e-bc19-2ef9-12766c006f61,michaellewis19@upi,personal,256,2025-11-18T00:00:00
db20a56e-dc81-5fe7-ceda-8bbb71710434,timothyduncan22@upi,personal,564,2025-01-14T00:00:00
8a63f881-ffd0-f9d5-a6f2-f7b80cf35b58,richardaguirre11@upi,personal,857,2024-03-27T00:00:00
c0e9ab30-ed26-62e9-17e0-11b7f8102383,brentjordan40@upi,personal,870,2024-03-14T00:00:00
7b3a4e3e-7c52-fa17-680a-c07a2a935d62,johndaniel61@upi,personal,219,2025-12-25T00:00:00
610461e3-2a25-a888-0f02-bad0e7067ef4,victoriagarcia59@upi,personal,3,2026-07-29T00:00:00
c8fe3ccd-c8b8-d9c6-ed30-49cf43e458fc,geraldhensley46@upi,personal,466,2025-04-22T00:00:00
bb026576-f512-c4c3-b253-d2186c4a37ea,connorwest81@upi,personal,803,2024-05-20T00:00:00
27a0c3d7-7c96-7f79-b7e9-9acaa97065e1,donaldwright47@upi,personal,195,2026-01-18T00:00:00
944528c0-0ef8-c2d6-f7fd-564637bb3eec,jessicacallahan79@upi,personal,754,2024-07-08T00:00:00
0ea2622b-5048-67ba-bf7b-539b0f9aea4b,amberkidd84@upi,personal,52,2026-06-10T00:00:00
da4bd9ca-eb5c-f467-80ba-cd647a0ecfea,tracyhouse30@upi,personal,544,2025-02-03T00:00:00
14822f53-8201-0c62-f5f5-9b220e8fa8e0,caroltucker33@upi,personal,872,2024-03-12T00:00:00
acdabacc-1165-e210-9854-3881118a9d29,jamesbrown40@upi,personal,883,2024-03-01T00:00:00
e3e9de99-f10c-718b-1eb0-e38a675dd5af,williambaker41@upi,personal,584,2024-12-25T00:00:00
9e8fc965-0a2c-827e-9832-685694340a03,jordanhenderson63@upi,personal,84,2026-05-09T00:00:00
85d51695-90b2-b633-956b-8c0ca8499b92,whitneypeters43@upi,personal,324,2025-09-11T00:00:00
506e5a9a-b758-588d-ab73-295b344a54b8,brittneyphillips43@upi,personal,245,2025-11-29T00:00:00
a53f8a28-abf3-e3fc-2181-3d25655238a6,laurendaniels68@upi,personal,308,2025-09-27T00:00:00
ef8c485b-c07a-30f2-edd4-253b50f0fd0a,amysilva11@upi,personal,75,2026-05-18T00:00:00
902059e4-ff9a-b5c2-9f04-4aed75523327,sarahmoore19@upi,personal,103,2026-04-20T00:00:00
43e42caf-8181-a8cc-3691-47eb89a2688b,angelalopez54@upi,personal,136,2026-03-18T00:00:00
3e896c64-e117-dac3-119c-4ea3e1805081,meganyoung46@upi,personal,379,2025-07-18T00:00:00
8b10550c-d570-4f32-702c-dd20286218b8,stevesanchez48@upi,personal,721,2024-08-10T00:00:00
ce9e1a11-fcbb-4e59-fbdd-cf7c9c96e9ec,lisabarnes77@upi,personal,670,2024-09-30T00:00:00
8dfa6a56-d12d-bc9a-aaf9-15310200b1f0,kellydonovan94@upi,personal,307,2025-09-28T00:00:00
2260e70f-e0cc-edc5-f05d-b76e1a84a51a,mikeallen24@upi,personal,271,2025-11-03T00:00:00
8da01097-be0f-051b-1b66-b5a9e3c43657,michaelevans44@upi,personal,160,2026-02-22T00:00:00
b7b56ea7-35eb-d32d-9ad6-20ab48212ddb,pauljones36@upi,personal,352,2025-08-14T00:00:00
439472e6-da58-7e8a-a25d-6b29afffcfd2,zacharyferrell72@upi,personal,518,2025-03-01T00:00:00
d89a40c0-e87d-1c78-e7c4-21c740497b71,danielbaker21@upi,personal,53,2026-06-09T00:00:00
46d483f3-d450-281c-6c6f-7633a2607723,shirleysuarez10@upi,personal,46,2026-06-16T00:00:00
a319dcb4-217d-65a0-c568-11cd5563f616,christopherbass30@upi,personal,269,2025-11-05T00:00:00
b4a69f3c-8d3a-ed99-711c-21c9bdc14f1f,lisaarcher81@upi,personal,438,2025-05-20T00:00:00
f1eedba3-1343-2e61-1ca3-c4480279b6a6,aimeemontoya98@upi,personal,905,2024-02-08T00:00:00
093923de-8bab-ce3b-2628-6bfbe767dcea,matthewmcmillan57@upi,personal,855,2024-03-29T00:00:00
6e068097-25e9-7977-8d72-48e2951f58d0,brianrodriguez15@upi,personal,131,2026-03-23T00:00:00
eededb07-e623-a689-5d59-cd2a4eea04e7,denisejacobs15@upi,personal,816,2024-05-07T00:00:00
ae9bec36-35c7-936c-5b99-62c6e61fecc0,christinawalters95@upi,personal,256,2025-11-18T00:00:00
8f5486b7-c7b5-b2bc-5a8a-aeca1a50aec3,johnwhitehead62@upi,personal,906,2024-02-07T00:00:00
2790cebd-bfdd-c3d9-9ee3-ac2af94d6204,annahenderson40@upi,personal,948,2023-12-27T00:00:00
ccc56569-f9e8-a369-2999-b735dd56cc94,aaronwise32@upi,personal,831,2024-04-22T00:00:00
2dea9493-0658-663a-698c-206fe1a47e10,deborahfigueroa52@upi,personal,755,2024-07-07T00:00:00
cd5f4822-6966-08aa-ee49-f329c84a7b28,jessicasmith41@upi,personal,686,2024-09-14T00:00:00
b386f7a4-c991-603f-28c1-3091444d610b,stephenmckee58@upi,personal,111,2026-04-12T00:00:00
787f2425-dbcc-c477-09e9-db0adf465290,sandraaguilar35@upi,personal,228,2025-12-16T00:00:00
598336e3-75d6-6ed4-eb1f-a9f2d10bd1d0,cameronparker39@upi,personal,313,2025-09-22T00:00:00
3170f437-a8f7-ef5a-060e-df5b39118497,rebeccavalencia52@upi,personal,409,2025-06-18T00:00:00
f7860b50-11c5-8ef0-dd46-3c09475287aa,christinewright45@upi,personal,792,2024-05-31T00:00:00
6651529e-8268-690b-a438-25b559e4b671,richardhenson78@upi,personal,696,2024-09-04T00:00:00
1d870966-0710-d430-f071-d87954c63cd8,marcmoore43@upi,personal,899,2024-02-14T00:00:00
fbc9f87a-f668-a617-94a1-875d2db69edb,sharoncherry14@upi,personal,272,2025-11-02T00:00:00
587ef344-6f3f-920c-98b8-e4cc1bc044fc,sierrajohnson50@upi,personal,747,2024-07-15T00:00:00
82ec9f2d-fbf6-e16f-9b30-80d56fb78271,evelyngalvan59@upi,personal,119,2026-04-04T00:00:00
41357e8c-30a9-00ad-939b-462de645f129,sharoncochran65@upi,personal,46,2026-06-16T00:00:00
ce777f00-ecf2-7e76-8519-7ff4006ed6e3,richardrodriguez97@upi,personal,552,2025-01-26T00:00:00
bcae8081-bdf0-70aa-f0b5-156bb82c9074,shannonwalker35@upi,personal,687,2024-09-13T00:00:00
f2e9702d-11e9-cdaa-6e69-81a35d3d9e56,juliatorres52@upi,personal,681,2024-09-19T00:00:00
d9178793-a9d3-c2e6-505c-c6869f871ce7,crystaljohnson48@upi,personal,128,2026-03-26T00:00:00
688c7015-aab9-7e49-4f2d-479681d2c7de,garrettlin61@upi,personal,335,2025-08-31T00:00:00
2095eef6-8ded-f9fb-4bb0-0f20b27c4026,dianamay63@upi,personal,197,2026-01-16T00:00:00
ad64b56c-610f-aa3f-f0bb-ac67aa38d0a1,williamherrera32@upi,personal,767,2024-06-25T00:00:00
67f48ad5-4d0b-0d1a-91b0-e1d99d9262af,ashleywaller10@upi,personal,562,2025-01-16T00:00:00
6e0d2648-35ce-8841-4973-2d6c4dcabfb7,victorbaker84@upi,personal,805,2024-05-18T00:00:00
77097749-527e-ecfa-a79a-c9aa9b4e2c24,jeffreychandler66@upi,personal,453,2025-05-05T00:00:00
7922bac2-82dc-4c8e-36b5-229aacf5e81e,larrydixon31@upi,personal,813,2024-05-10T00:00:00
83f4a9a9-48a6-39d0-15b5-2908a8aa7158,kennethscott91@upi,personal,680,2024-09-20T00:00:00
d1843324-17e8-392a-55ce-e5db9e87e04c,aprilfrost40@upi,personal,975,2023-11-30T00:00:00
ce7ae7f6-3982-0cff-4f77-a665ac3c5640,michelleharmon28@upi,personal,204,2026-01-09T00:00:00
fbe33b24-3eae-0032-0bd4-a9900640be0f,helenjones88@upi,personal,487,2025-04-01T00:00:00
74962764-12a4-def0-c4bb-b7a9d98868dd,erinedwards90@upi,personal,425,2025-06-02T00:00:00
b24445a7-b7e5-8481-31c6-81ec935f2b0a,michelleevans73@upi,personal,394,2025-07-03T00:00:00
a7f36ae9-25c7-3c44-3e75-c3b4664fa663,jasonpowell10@upi,personal,705,2024-08-26T00:00:00
c521bf2d-dc45-d539-c03f-3538e4855aa1,cameronfisher23@upi,personal,907,2024-02-06T00:00:00
2d06e8cf-3805-f907-6cd6-6193c7468f59,meganorr99@upi,personal,824,2024-04-29T00:00:00
8eb22579-0cdb-1ca4-76ec-bdd68498e113,elizabethkelley25@upi,personal,256,2025-11-18T00:00:00
76f2dbfe-cd29-a36f-2222-82e174daaebf,dustinjordan77@upi,personal,684,2024-09-16T00:00:00
513a7052-986f-9025-8f15-ba58fce68504,marymarshall66@upi,personal,973,2023-12-02T00:00:00
e45b712e-b822-5688-d0a4-44329cd6c852,danielkennedy64@upi,personal,517,2025-03-02T00:00:00
722764e6-8c41-561b-e827-a1b9d4a02e53,rebeccajackson30@upi,personal,919,2024-01-25T00:00:00
7337c599-7984-4388-dc8a-ee30be6033f7,joseschultz41@upi,personal,266,2025-11-08T00:00:00
c40c5d91-46fd-e062-a33d-c7afd701410d,robertpotter76@upi,personal,797,2024-05-26T00:00:00
464c04af-3d3f-3799-a072-95e97c0e8cd8,courtneygonzalez19@upi,personal,451,2025-05-07T00:00:00
458f1f19-3c07-c574-4925-7af1b6aae05b,davidalvarez50@upi,personal,344,2025-08-22T00:00:00
236c7b87-14a0-bccb-8a47-6a87e49d681d,angelperry39@upi,personal,155,2026-02-27T00:00:00
b4d7e28e-271e-3ee2-b1a6-b1f1620e99d3,cheyennehorton18@upi,personal,220,2025-12-24T00:00:00
8ae8905b-54b4-a482-6858-6eba6a34c854,daviddouglasjr63@upi,personal,478,2025-04-10T00:00:00
6b8e869f-d538-5b0e-34f3-193c0ff0a55c,patriciarodriguez84@upi,personal,399,2025-06-28T00:00:00
db52ca58-0500-0bc6-b20d-cb6ef2311f17,christopherrubio83@upi,personal,902,2024-02-11T00:00:00
f1578470-0182-67c4-7a1b-58066160a6b4,amberwright48@upi,personal,361,2025-08-05T00:00:00
e4429ebb-da7b-9095-63d6-2a39c0e3befd,joycesolis63@upi,personal,977,2023-11-28T00:00:00
8bcf53a1-bc10-fa52-bf5d-2fdf89c8d2ab,victorialarson87@upi,personal,820,2024-05-03T00:00:00
382c043f-7cfc-9b79-3875-394ce5d6f6e6,stephaniesalazar65@upi,personal,280,2025-10-25T00:00:00
560c95ee-638c-254c-076e-2bba7c5308bf,kathyrivas96@upi,personal,685,2024-09-15T00:00:00
2a405f12-b963-f37f-6781-4c1fcc530e36,stephaniemanning69@upi,personal,861,2024-03-23T00:00:00
9f4c3b79-fb10-987f-20ac-3703eb67146a,davidwright13@upi,personal,547,2025-01-31T00:00:00
907bfe36-9786-48f8-64de-82e6e82c7d7b,pamelaboyd13@upi,personal,679,2024-09-21T00:00:00
22bd3388-6db9-9102-a48b-3dbe157d94a1,denisejones69@upi,personal,888,2024-02-25T00:00:00
610cf373-4299-9aa4-0cdf-742b2e85cb21,devonflores37@upi,personal,336,2025-08-30T00:00:00
c2dff335-5666-6f9f-53ac-2ab974672cd9,brendahall58@upi,personal,901,2024-02-12T00:00:00
d4f8fd72-f382-1cfd-c083-b73a473bd358,michellebrown42@upi,personal,432,2025-05-26T00:00:00
04f64d86-7866-0765-14f7-ce8dd5bcb8d0,joshuaperry79@upi,personal,768,2024-06-24T00:00:00
59970043-f3b1-025b-fff9-f5850d557b61,jasonstein93@upi,personal,230,2025-12-14T00:00:00
a6d964a3-f510-ab53-c7fe-e39f1190f938,melissagates13@upi,personal,42,2026-06-20T00:00:00
d6d7b3b8-3309-4d35-3f4d-f561f319c125,jamiesmith89@upi,personal,21,2026-07-11T00:00:00
793b4c32-2050-0494-3d11-48022702878b,paulcastaneda24@upi,personal,686,2024-09-14T00:00:00
770c7798-37cc-863b-f2a0-345990604f62,jenniferadkins42@upi,personal,717,2024-08-14T00:00:00
9b1bc895-2af4-3ab7-5e6f-ea07c4536f1d,lindseywalker24@upi,personal,622,2024-11-17T00:00:00
f6f7f0cc-29ec-8e49-d1bd-b8c0c71d5e60,jeffreyjohnson23@upi,personal,319,2025-09-16T00:00:00
4fdc6e1b-edcb-8cb6-0692-dc639424aed5,michaelpowell96@upi,personal,590,2024-12-19T00:00:00
658b2523-6014-1de9-f54a-d0a2e87466d7,johnanderson35@upi,personal,965,2023-12-10T00:00:00
d4a057a7-b0cc-1b3b-9793-b9b413748146,alyssalong41@upi,personal,643,2024-10-27T00:00:00
4d3485c5-c5c1-4eb4-b27b-3d901a16342c,alyssaday97@upi,personal,871,2024-03-13T00:00:00
cbd58bf6-1efd-76e9-ce37-14af99b49350,joelwilliams15@upi,personal,580,2024-12-29T00:00:00
a9597663-6daa-2e68-8861-fe1858e25888,danielmurphy18@upi,personal,380,2025-07-17T00:00:00
033d2bce-575a-ed2c-a5c5-650c8186a576,jamiewalton63@upi,personal,870,2024-03-14T00:00:00
6efb63b1-1b04-9863-7d7d-dbedd284476c,darlenemiller56@upi,personal,984,2023-11-21T00:00:00
75b17a55-d426-2982-e43e-4288a2b5b498,joshuacooke29@upi,personal,725,2024-08-06T00:00:00
859131d2-bbda-0242-2d17-4fc96f7c15ea,matthewharrington93@upi,personal,989,2023-11-16T00:00:00
eb6c1016-cee6-24d0-9dac-6e8345241ea6,nicoleherring71@upi,personal,552,2025-01-26T00:00:00
bb2488a3-d363-57b6-6f81-cf4f7701f7bb,alexhernandez44@upi,personal,607,2024-12-02T00:00:00
d4aac9a3-3ed8-c56c-da09-dfa052828d80,michaelelliott21@upi,personal,958,2023-12-17T00:00:00
3e6dd58b-7367-c28d-e1b2-94de4767d76c,michaelwang69@upi,personal,769,2024-06-23T00:00:00
6105716b-ab0e-664e-9c3e-b2d591e1aa96,lawrenceadkins13@upi,personal,345,2025-08-21T00:00:00
2e8d0e87-5334-20e6-d9d8-0b8d7e8adee7,robertoconnell37@upi,personal,500,2025-03-19T00:00:00
57207246-4223-623b-cc3e-bdde5ad5cf06,alexandercollins86@upi,personal,287,2025-10-18T00:00:00
8e485223-46b9-8991-e14e-b70db380c73a,tinasanders76@upi,personal,11,2026-07-21T00:00:00
3dc98290-15ea-bb27-30e9-12f2f2b43abf,angelavaughn62@upi,personal,738,2024-07-24T00:00:00
3d85de89-c217-1429-8e20-07247d137018,ashleybarton70@upi,personal,708,2024-08-23T00:00:00
72bb912d-7da6-7785-b63b-4dc3a559e463,lindsaymartinez12@upi,personal,812,2024-05-11T00:00:00
6786d506-38ba-8abc-4b53-05e517d2582e,drhannahpatterson41@upi,personal,709,2024-08-22T00:00:00
5e781fd7-94e0-d3ba-a9f9-48b24e6384bb,jonathanpeterson80@upi,personal,485,2025-04-03T00:00:00
ff233d5f-6ced-d15d-5800-7c0287ea7ff5,samanthagarcia80@upi,personal,764,2024-06-28T00:00:00
7428a656-b3ee-4d3b-5a10-412954aebd1b,madisonpoole49@upi,personal,278,2025-10-27T00:00:00
b8a6171f-1ee3-4dc4-3b04-8a8b405bfdc9,jessicagross50@upi,personal,198,2026-01-15T00:00:00
f36cb62b-892e-6161-be2d-740a1e9b23bc,debramorton98@upi,personal,781,2024-06-11T00:00:00
bd1531c8-3764-fbda-3108-d4482f65fafa,karengraham45@upi,personal,496,2025-03-23T00:00:00
c29cfc0c-fa02-eaec-96ef-2ad6b97e6703,debrachristian86@upi,personal,538,2025-02-09T00:00:00
d52721e7-19bc-143e-fb02-bebb48729a4d,angelicakeith47@upi,personal,199,2026-01-14T00:00:00
4d6168bd-2def-e193-5c62-b3a23a3c563e,johnbishop78@upi,personal,15,2026-07-17T00:00:00
f96b648a-0ba6-eab9-4639-447b2067bdac,allenrosales80@upi,personal,56,2026-06-06T00:00:00
2053da42-f1af-db65-b289-f2244ac9778d,danielsalinas72@upi,personal,654,2024-10-16T00:00:00
92f5df7b-0323-d342-df6a-8f931a432f0a,spencerhaynes70@upi,personal,292,2025-10-13T00:00:00
2f32751e-5738-811d-70c2-903f7a8d03aa,adamvaughan16@upi,personal,989,2023-11-16T00:00:00
7a4c75d4-dc99-e04c-f0e9-8b3b40a26c60,nathanfreeman18@upi,personal,117,2026-04-06T00:00:00
93b7a886-12f7-0c97-7de3-1a516694c343,melissabrewer97@upi,personal,645,2024-10-25T00:00:00
cfa701cd-2631-d00b-26d7-94d30db95301,rickydavisii48@upi,personal,577,2025-01-01T00:00:00
1e52d770-3f89-7142-fe71-6b1415ce6a66,elizabethperkins63@upi,personal,572,2025-01-06T00:00:00
9e50aa42-ca6d-fda1-989b-c4da9b37a22b,josephcoleman76@upi,personal,232,2025-12-12T00:00:00
715629ee-e893-be3d-7354-ea6f61607459,erinwarner85@upi,personal,305,2025-09-30T00:00:00
9191b363-4e2d-6645-6dc7-cac7fd72b050,davidmartinez17@upi,personal,636,2024-11-03T00:00:00
19675f06-bd76-7e35-f5c9-b0479c10c572,bryanherrera36@upi,personal,971,2023-12-04T00:00:00
a911d192-43bf-d931-3605-bf54a021c0ca,cathyrobinson30@upi,personal,84,2026-05-09T00:00:00
1337739e-8d4f-5d27-2c7f-0b793d67cde9,drwilliamwarren10@upi,personal,161,2026-02-21T00:00:00
980402a2-b07a-a066-7354-35ea68949b8d,brianlee47@upi,personal,482,2025-04-06T00:00:00
b4fb0eb9-49c1-3de7-3b42-06c5085b15fb,christophersmith99@upi,personal,290,2025-10-15T00:00:00
aff8754d-1238-d630-743b-65a2dc0f2fcf,denisemccann43@upi,personal,240,2025-12-04T00:00:00
96fc734d-a003-cd28-ca8f-3653c9af18f8,melissamartinez35@upi,personal,678,2024-09-22T00:00:00
398d1ca6-8b68-70b5-1d61-fac36cd5e859,katherinesalas29@upi,personal,664,2024-10-06T00:00:00
246998e8-d39e-198b-4400-7d5ae88da719,juliealexander17@upi,personal,74,2026-05-19T00:00:00
9854ce4e-4ebf-a5c3-cae9-b4a72a79ea68,anthonyeverett82@upi,personal,767,2024-06-25T00:00:00
1fd5a423-706c-5c56-49e2-623debd34616,rodneymorales98@upi,personal,480,2025-04-08T00:00:00
f1533ae8-670a-cc5c-b321-bf214dd8eb85,markbrown74@upi,personal,279,2025-10-26T00:00:00
1497d658-7010-f719-7e69-5d0d8a3c3b5e,justintorres15@upi,personal,613,2024-11-26T00:00:00
5283aac7-bc0a-6a5d-6e99-6e3ee3b137fc,baileydurandds42@upi,personal,619,2024-11-20T00:00:00
f63fce41-3a9a-ca5e-1761-32ed069f14f1,courtneymills83@upi,personal,691,2024-09-09T00:00:00
ffe3fa49-054f-92ff-f366-bad4964db03f,jeremydalton96@upi,personal,784,2024-06-08T00:00:00
0a4c9f7f-9384-ec2b-44fe-acaed248a9a7,elizabetholiverdds32@upi,personal,782,2024-06-10T00:00:00
7135f221-a6c9-537f-84da-d06a7872bdeb,theresaclark45@upi,personal,939,2024-01-05T00:00:00
6f962882-95d8-2980-ff37-d19c2e76128b,matthewmoore72@upi,personal,651,2024-10-19T00:00:00
5913f9d3-7852-99f4-175b-a98df8140102,benjaminsmith52@upi,personal,419,2025-06-08T00:00:00
db946570-1ac7-0ec0-ab8d-deb45230dfbd,kirkcarter52@upi,personal,165,2026-02-17T00:00:00
49c8a43f-7ed7-0ed7-b194-990b6961929e,michaelwarner61@upi,personal,679,2024-09-21T00:00:00
0964fbbf-8cd3-21b0-c2b0-1cfdd045dd1c,michaelbradshaw21@upi,personal,466,2025-04-22T00:00:00
1dad09b2-52c2-1221-409d-360250843242,loriguerrero61@upi,personal,994,2023-11-11T00:00:00
fcf56188-d32e-6dcd-83bc-9478dd6ac7b8,jessicastephens94@upi,personal,2,2026-07-30T00:00:00
69ca97d2-7644-14fd-8ae7-69edde8ede0b,susanserrano34@upi,personal,56,2026-06-06T00:00:00
c1a6423b-9f64-eeed-5c9d-927d84b871bb,christopherparker90@upi,personal,511,2025-03-08T00:00:00
341c6494-0d36-6dfc-c28e-bd7071299889,lauraroberts80@upi,personal,274,2025-10-31T00:00:00
70286046-49bc-473f-ed7b-f656218a1536,michaellyons99@upi,personal,902,2024-02-11T00:00:00
f920264c-0763-fcd0-1f15-c7b67c16128d,kathrynsnyder87@upi,personal,646,2024-10-24T00:00:00
288b78b5-b5b4-53ca-3d42-993ccc9fd334,andrewreynolds80@upi,personal,319,2025-09-16T00:00:00
17dc8eff-6872-13f9-8d60-593603802b70,daviddavis24@upi,personal,231,2025-12-13T00:00:00
a5d04d53-1e12-42e3-f272-92b6762172ed,sarajohnston29@upi,personal,853,2024-03-31T00:00:00
4ab7706e-b773-50ca-eec2-59dc7f95897c,yvonnechambers44@upi,personal,522,2025-02-25T00:00:00
faf14ff0-7b85-179a-d5b0-77e06a5d932b,andrewavila41@upi,personal,484,2025-04-04T00:00:00
6232b17a-2507-4181-8d1f-b54074eff545,matthewmoon86@upi,personal,196,2026-01-17T00:00:00
22f235f2-e11b-868d-bf0d-073d821c1336,kevinwalters18@upi,personal,885,2024-02-28T00:00:00
dabac50d-ca3d-d859-c5ce-099c46b82659,brandonbaileymd53@upi,personal,425,2025-06-02T00:00:00
44656d6b-81fb-18b3-c9a7-d91fef2ae713,shannonrivera10@upi,personal,841,2024-04-12T00:00:00
d664d264-4c6e-27ff-b9de-7a3a486822b9,donnalandry84@upi,personal,602,2024-12-07T00:00:00
dd81b7f5-7d59-11c6-a8f1-e091ffb8102d,kristagibson67@upi,personal,153,2026-03-01T00:00:00
551ac8ea-585a-0afa-7bfd-cc1289e06ab3,frankcordova79@upi,personal,566,2025-01-12T00:00:00
5260001e-eecf-67d2-7491-76f46090d697,josetravis34@upi,personal,891,2024-02-22T00:00:00
9261549d-3d22-5c30-b28f-41defb140bc3,kimberlygutierrez39@upi,personal,393,2025-07-04T00:00:00
0b2c782a-6928-8e92-c68a-152fdb23aa8c,isaiahavila70@upi,personal,326,2025-09-09T00:00:00
61985d54-cfb8-7e6f-e9d6-8f23b489d070,oliviaharris94@upi,personal,396,2025-07-01T00:00:00
fb16e5db-a6ea-b79e-d21c-82f8cada4f80,tanyakim73@upi,personal,156,2026-02-26T00:00:00
80962718-2051-acef-097a-1e10f6febc0e,barbaradudley85@upi,personal,989,2023-11-16T00:00:00
dfcaf0b7-19b1-7e80-dea4-ae1754fd9ad3,cynthiamoore66@upi,personal,866,2024-03-18T00:00:00
74f93d17-e912-b4bf-86a4-bae41986b4b2,kristendavis28@upi,personal,16,2026-07-16T00:00:00
f84f16b3-a79f-bfaf-def5-768968f45bce,susanmurraymd19@upi,personal,159,2026-02-23T00:00:00
43d88870-f81d-baa1-c812-0a8e78308930,kathleenmoran89@upi,personal,347,2025-08-19T00:00:00
148f8b74-a65b-b1f2-65c1-7795b15516bc,denisedavenport52@upi,personal,873,2024-03-11T00:00:00
889b78d5-dbfd-d97e-aca2-b148da330aa1,mrskristenreyes50@upi,personal,390,2025-07-07T00:00:00
c268283e-e32f-2e63-b7fd-dd71a075e927,katiesuarez79@upi,personal,500,2025-03-19T00:00:00
3c19e71d-1184-05ad-9e11-d2cd0930aef6,desireetyler97@upi,personal,647,2024-10-23T00:00:00
3a3c8a71-ff57-4e2b-4991-ab9bebc2026f,timothyromero21@upi,personal,765,2024-06-27T00:00:00
c2a79689-1933-918c-fa74-57616f18c108,dianeevans22@upi,personal,649,2024-10-21T00:00:00
4ca9cf07-b1aa-0f6a-2a96-e1e27194eae2,yvonneburns13@upi,personal,926,2024-01-18T00:00:00
0e5dd462-cbd0-0ef2-530a-37df0bc61066,joshuareed55@upi,personal,301,2025-10-04T00:00:00
3e83b91f-2544-0fe0-6e41-7d475ff595ea,kimberlygibson62@upi,personal,544,2025-02-03T00:00:00
2e183554-cae2-8e66-ae8a-781390e0a95b,colinterry32@upi,personal,175,2026-02-07T00:00:00
61ee6c5b-deef-580f-9c07-a75114374509,cynthiarowe97@upi,personal,635,2024-11-04T00:00:00
9549c931-e9af-299d-7f67-1eec3da70577,patrickthornton39@upi,personal,147,2026-03-07T00:00:00
75a66981-4104-a8b5-a34d-b7c5760debbb,jasminalvarado95@upi,personal,262,2025-11-12T00:00:00
771ad655-cdfc-6ee0-e61e-de900267deb3,veronicasimpson46@upi,personal,923,2024-01-21T00:00:00
12e89d10-2871-1733-8bed-db12ad77e82f,jonathanlawrence54@upi,personal,453,2025-05-05T00:00:00
a3917c99-4c95-5f6a-966b-1964fcd6bdca,shellyalexander64@upi,personal,986,2023-11-19T00:00:00
d865d69a-74f3-3103-4006-6ff2b0b862ef,joycebowen35@upi,personal,310,2025-09-25T00:00:00
7bb38605-da74-3152-627b-41a1ffd6f232,matthewmoore40@upi,personal,110,2026-04-13T00:00:00
9326dffd-5be4-bf51-9269-869861a11729,waynemorgan99@upi,personal,303,2025-10-02T00:00:00
d47d577b-fa5a-91ca-059d-d55d4b943e30,mariechristian60@upi,personal,675,2024-09-25T00:00:00
dd750e98-90e0-b95f-0212-b554464458b4,shannonjames16@upi,personal,703,2024-08-28T00:00:00
7f2984f5-bec3-9a37-9b3d-74bde91e314e,nathanmalone46@upi,personal,853,2024-03-31T00:00:00
9b689c88-3ae9-09fe-cc82-18dac696f5e6,amandajones55@upi,personal,822,2024-05-01T00:00:00
9ef2b93e-30ac-7d7b-a2f9-63a33810ae66,tammiebright96@upi,personal,257,2025-11-17T00:00:00
a8c01f05-c478-f6f1-b88e-c318c16d83ed,jessicagarcia27@upi,personal,698,2024-09-02T00:00:00
a0a11839-e745-7704-18df-bc3ca0d4de3d,sheliawallace15@upi,personal,662,2024-10-08T00:00:00
088a93ec-70d9-c9f8-c9e2-60744f1639a0,stephaniewilliams56@upi,personal,594,2024-12-15T00:00:00
e8dd5e5a-1712-fb16-21a4-344fbb7bee03,elainebrooks51@upi,personal,303,2025-10-02T00:00:00
336749b5-2cf6-bf75-6a5e-6920bf5ae7e6,josephknight79@upi,personal,136,2026-03-18T00:00:00
87e5f0fe-5da8-d6d2-f8b3-8a8be05fb8bc,carolynmiller44@upi,personal,514,2025-03-05T00:00:00
e9ff1cae-41c8-ca8c-2a1f-955ad499da99,lisaallen71@upi,personal,845,2024-04-08T00:00:00
bf1e8366-4b8e-63d4-ce76-07adf7a67b94,brianamurray53@upi,personal,892,2024-02-21T00:00:00
f6802cdb-77e4-90c7-1d7b-c313cde22f1c,davidsmith28@upi,personal,78,2026-05-15T00:00:00
dc322c97-39c1-e262-f76c-8edec1101266,stephaniebyrd96@upi,personal,693,2024-09-07T00:00:00
d882b5c1-f79e-fd70-65bc-c272fadd7ea3,jeremyreed81@upi,personal,824,2024-04-29T00:00:00
6502d6a2-ca6a-2224-171e-16cc5da36f1b,margaretcoleman43@upi,personal,15,2026-07-17T00:00:00
5e5ba13d-746c-db77-1fa3-82e8895ccd99,ryangonzalez96@upi,personal,689,2024-09-11T00:00:00
d289f0ab-618a-e305-95a5-bafa431d029f,johnyoung57@upi,personal,654,2024-10-16T00:00:00
78b2b549-3bdb-c09e-acc2-16a01bbc91f7,laurahaney89@upi,personal,26,2026-07-06T00:00:00
53f8382b-8fb8-64e4-f173-8856e25d36eb,williambarrett88@upi,personal,938,2024-01-06T00:00:00
a2a9d4d8-102e-fde5-a5cc-8bf738ab854c,keithjennings69@upi,personal,844,2024-04-09T00:00:00
a6348e78-4d5c-55c7-b379-cb1ee8cda0cc,amberobrien24@upi,personal,419,2025-06-08T00:00:00
530f7e66-f49e-aaa3-0ef1-47f76a846c2c,tannermitchelldds84@upi,personal,885,2024-02-28T00:00:00
c1192634-cad3-e250-6a5f-09cb81a603db,heatherfields78@upi,personal,461,2025-04-27T00:00:00
dcd2dfd4-4c74-5676-478f-cedd71341dec,meganle27@upi,personal,172,2026-02-10T00:00:00
829d03f5-567f-fe50-b4c3-13eb7e225d5c,sarafuller95@upi,personal,346,2025-08-20T00:00:00
56ebd83a-a1d6-0cf1-8a95-e0d84794c44d,mariaparker85@upi,personal,751,2024-07-11T00:00:00
cbee2346-5d1c-153e-f6eb-cacf6c05df93,kevinoconnor50@upi,personal,888,2024-02-25T00:00:00
9d180608-d771-8c05-b671-f1b2c9a0a9ef,edwardburgess32@upi,personal,295,2025-10-10T00:00:00
f53fd2d3-4df6-7205-20ff-622c80851d53,carlosryan25@upi,personal,630,2024-11-09T00:00:00
ae973869-2ea1-51aa-bcf7-bbc28e38440e,kiaramcintyre46@upi,personal,103,2026-04-20T00:00:00
85123413-d9e3-23be-48cc-02e84da29b5e,dawnsummers88@upi,personal,538,2025-02-09T00:00:00
9eb5d8d2-9620-818d-62c5-78296210b734,drpaulmorgan72@upi,personal,734,2024-07-28T00:00:00
d9b00417-f68d-6979-7fe4-c46124e1ed79,victortaylor38@upi,personal,707,2024-08-24T00:00:00
a32785f7-e61c-4368-72f1-f3186c4e77f7,shannonramsey66@upi,personal,808,2024-05-15T00:00:00
a4a5308d-4aec-4d62-f30f-a5b6b8280725,tracyballard29@upi,personal,424,2025-06-03T00:00:00
5dc57345-2136-6a4d-01a1-296ebf34d889,richardsmith75@upi,personal,867,2024-03-17T00:00:00
2aeef929-b424-a7a0-bd1e-9e72fc1b3217,jordanchambers57@upi,personal,942,2024-01-02T00:00:00
0633a286-5852-62b1-7693-5d1f8d80c2fe,laurencarson31@upi,personal,546,2025-02-01T00:00:00
84c84c23-676e-34be-78be-c228c455da79,ashleyhall21@upi,personal,724,2024-08-07T00:00:00
c973c84e-2d4c-0413-74be-3766aa47bfc8,stephenhoffman54@upi,personal,186,2026-01-27T00:00:00
42a5af9b-5223-26bb-76d9-d64d7ae67ecf,conniebrown56@upi,personal,765,2024-06-27T00:00:00
7bdc80ac-4400-592c-a0b3-35c78fe1f050,susanturner58@upi,personal,139,2026-03-15T00:00:00
7801792b-a53a-43d6-1ef5-40d6f5d98936,charlesshah18@upi,personal,180,2026-02-02T00:00:00
32c52d76-370e-bb11-affe-e02e7508e10c,johnathandavis37@upi,personal,454,2025-05-04T00:00:00
9522496e-a7c8-09be-9082-140aed00e657,brandychavez33@upi,personal,990,2023-11-15T00:00:00
077e0371-ed14-0bfa-d67e-0f37f4e9b38e,nataliebautista33@upi,personal,334,2025-09-01T00:00:00
f48783eb-939f-3536-27ba-a3dd2c2bd5a3,patrickmoore88@upi,personal,581,2024-12-28T00:00:00
e1add4fa-6974-eaee-bdb1-d20f36cf28af,brettburns22@upi,personal,176,2026-02-06T00:00:00
53b34daf-cca5-ac2e-6d56-6dccbb991df7,trevorjohnson84@upi,personal,674,2024-09-26T00:00:00
3c7c5372-4d9e-6b9f-a3ee-785f134afb23,jeremysampson80@upi,personal,567,2025-01-11T00:00:00
2aa3ed5e-e58e-8fb6-3c88-4bee24d4dba9,arianajennings93@upi,personal,333,2025-09-02T00:00:00
3e98f09d-f6d2-a20d-b3d5-17085d1af023,vanessahoward83@upi,personal,809,2024-05-14T00:00:00
340407f4-8a48-28af-e4ff-5eecdb0f1685,coltonmartinez81@upi,personal,328,2025-09-07T00:00:00
6af9e1cd-444b-9490-4edd-1cfdf08fecf7,jordanbates72@upi,personal,126,2026-03-28T00:00:00
3e3707dc-84d9-92ec-ea3c-2de7f2203acf,lindasmith29@upi,personal,134,2026-03-20T00:00:00
c0b4283a-acdb-425c-cff4-40eb073024e4,danamartinez22@upi,personal,996,2023-11-09T00:00:00
65aa6c06-5d43-3dc2-cb11-5be6227cc456,andreahubbard16@upi,personal,747,2024-07-15T00:00:00
